<?xml version="1.0" encoding="UTF-8"?>
<GenRun Id="synth_1" LaunchPart="xc7a100tcsg324-1" LaunchTime="1591857859">
  <File Type="PA-TCL" Name="mainfsm.tcl"/>
  <File Type="REPORTS-TCL" Name="mainfsm_reports.tcl"/>
  <File Type="RDS-RDS" Name="mainfsm.vds"/>
  <File Type="RDS-UTIL" Name="mainfsm_utilization_synth.rpt"/>
  <File Type="RDS-UTIL-PB" Name="mainfsm_utilization_synth.pb"/>
  <File Type="RDS-DCP" Name="mainfsm.dcp"/>
  <FileSet Name="sources" Type="DesignSrcs" RelSrcDir="$PSRCDIR/sources_1">
    <Filter Type="Srcs"/>
    <File Path="$PSRCDIR/sources_1/ip/Blinker_Div/Blinker_Div.xci">
      <FileInfo>
        <Attr Name="ImportPath" Val="$PPRDIR/../../../../../../../../Desktop/VivadoProjects/Verilog/SimpleFSM/SimpleFSM/SimpleFSM.srcs/sources_1/ip/Blinker_Div/Blinker_Div.xci"/>
        <Attr Name="ImportTime" Val="1591770712"/>
        <Attr Name="UsedIn" Val="synthesis"/>
        <Attr Name="UsedIn" Val="implementation"/>
        <Attr Name="UsedIn" Val="simulation"/>
      </FileInfo>
    </File>
    <File Path="$PSRCDIR/sources_1/new/mainfsm.v">
      <FileInfo>
        <Attr Name="ImportPath" Val="$PPRDIR/../../../../../../../../Desktop/VivadoProjects/Verilog/SimpleFSM/SimpleFSM/SimpleFSM.srcs/sources_1/new/mainfsm.v"/>
        <Attr Name="ImportTime" Val="1591777509"/>
        <Attr Name="UsedIn" Val="synthesis"/>
        <Attr Name="UsedIn" Val="implementation"/>
        <Attr Name="UsedIn" Val="simulation"/>
      </FileInfo>
    </File>
    <File Path="$PSRCDIR/sources_1/ip/Blinker_Pattern_Init.coe">
      <FileInfo>
        <Attr Name="ImportPath" Val="$PPRDIR/../../../../../../../../Desktop/VivadoProjects/Verilog/SimpleFSM/SimpleFSM/SimpleFSM.srcs/sources_1/ip/Blinker_Pattern_Init.coe"/>
        <Attr Name="ImportTime" Val="1591773397"/>
        <Attr Name="UsedIn" Val="synthesis"/>
        <Attr Name="UsedIn" Val="simulation"/>
      </FileInfo>
    </File>
    <Config>
      <Option Name="DesignMode" Val="RTL"/>
      <Option Name="TopModule" Val="mainfsm"/>
      <Option Name="TopAutoSet" Val="TRUE"/>
    </Config>
  </FileSet>
  <FileSet Name="constrs_in" Type="Constrs" RelSrcDir="$PSRCDIR/constrs_1">
    <Filter Type="Constrs"/>
    <File Path="$PSRCDIR/constrs_1/imports/SimpleFSM/Arty-A7-100-Master.xdc">
      <FileInfo>
        <Attr Name="ImportPath" Val="$PPRDIR/../../../../../../../../Desktop/VivadoProjects/Verilog/SimpleFSM/SimpleFSM/Arty-A7-100-Master.xdc"/>
        <Attr Name="ImportTime" Val="1591776804"/>
        <Attr Name="UsedIn" Val="synthesis"/>
        <Attr Name="UsedIn" Val="implementation"/>
      </FileInfo>
    </File>
    <Config>
      <Option Name="TargetConstrsFile" Val="$PSRCDIR/constrs_1/imports/SimpleFSM/Arty-A7-100-Master.xdc"/>
      <Option Name="ConstrsType" Val="XDC"/>
    </Config>
  </FileSet>
  <FileSet Name="utils" Type="Utils" RelSrcDir="$PSRCDIR/utils_1">
    <Filter Type="Utils"/>
    <Config>
      <Option Name="TopAutoSet" Val="TRUE"/>
    </Config>
  </FileSet>
  <Strategy Version="1" Minor="2">
    <StratHandle Name="Vivado Synthesis Defaults" Flow="Vivado Synthesis 2019"/>
    <Step Id="synth_design"/>
  </Strategy>
  <BlockFileSet Type="BlockSrcs" Name="blk_mem_gen_0"/>
</GenRun>
