<?xml version="1.0" encoding="UTF-8"?>
<spirit:component xmlns:xilinx="http://www.xilinx.com" xmlns:spirit="http://www.spiritconsortium.org/XMLSchema/SPIRIT/1685-2009" xmlns:xsi="http://www.w3.org/2001/XMLSchema-instance">
  <spirit:vendor>xilinx.com</spirit:vendor>
  <spirit:library>user</spirit:library>
  <spirit:name>UART_Controller</spirit:name>
  <spirit:version>1.0</spirit:version>
  <spirit:busInterfaces>
    <spirit:busInterface>
      <spirit:name>rst</spirit:name>
      <spirit:busType spirit:vendor="xilinx.com" spirit:library="signal" spirit:name="reset" spirit:version="1.0"/>
      <spirit:abstractionType spirit:vendor="xilinx.com" spirit:library="signal" spirit:name="reset_rtl" spirit:version="1.0"/>
      <spirit:slave/>
      <spirit:portMaps>
        <spirit:portMap>
          <spirit:logicalPort>
            <spirit:name>RST</spirit:name>
          </spirit:logicalPort>
          <spirit:physicalPort>
            <spirit:name>rst</spirit:name>
          </spirit:physicalPort>
        </spirit:portMap>
      </spirit:portMaps>
    </spirit:busInterface>
    <spirit:busInterface>
      <spirit:name>clk</spirit:name>
      <spirit:busType spirit:vendor="xilinx.com" spirit:library="signal" spirit:name="clock" spirit:version="1.0"/>
      <spirit:abstractionType spirit:vendor="xilinx.com" spirit:library="signal" spirit:name="clock_rtl" spirit:version="1.0"/>
      <spirit:slave/>
      <spirit:portMaps>
        <spirit:portMap>
          <spirit:logicalPort>
            <spirit:name>CLK</spirit:name>
          </spirit:logicalPort>
          <spirit:physicalPort>
            <spirit:name>clk</spirit:name>
          </spirit:physicalPort>
        </spirit:portMap>
      </spirit:portMaps>
      <spirit:parameters>
        <spirit:parameter>
          <spirit:name>ASSOCIATED_RESET</spirit:name>
          <spirit:value spirit:id="BUSIFPARAM_VALUE.CLK.ASSOCIATED_RESET">rst</spirit:value>
        </spirit:parameter>
      </spirit:parameters>
    </spirit:busInterface>
  </spirit:busInterfaces>
  <spirit:model>
    <spirit:views>
      <spirit:view>
        <spirit:name>xilinx_anylanguagesynthesis</spirit:name>
        <spirit:displayName>Synthesis</spirit:displayName>
        <spirit:envIdentifier>:vivado.xilinx.com:synthesis</spirit:envIdentifier>
        <spirit:language>VHDL</spirit:language>
        <spirit:modelName>UART_Controller</spirit:modelName>
        <spirit:fileSetRef>
          <spirit:localName>xilinx_anylanguagesynthesis_xilinx_com_ip_fifo_generator_13_2__ref_view_fileset</spirit:localName>
        </spirit:fileSetRef>
        <spirit:fileSetRef>
          <spirit:localName>xilinx_anylanguagesynthesis_xilinx_com_user_Clock_Divider_1_1__ref_view_fileset</spirit:localName>
        </spirit:fileSetRef>
        <spirit:fileSetRef>
          <spirit:localName>xilinx_anylanguagesynthesis_view_fileset</spirit:localName>
        </spirit:fileSetRef>
        <spirit:parameters>
          <spirit:parameter>
            <spirit:name>viewChecksum</spirit:name>
            <spirit:value>644fc87c</spirit:value>
          </spirit:parameter>
        </spirit:parameters>
      </spirit:view>
      <spirit:view>
        <spirit:name>xilinx_anylanguagebehavioralsimulation</spirit:name>
        <spirit:displayName>Simulation</spirit:displayName>
        <spirit:envIdentifier>:vivado.xilinx.com:simulation</spirit:envIdentifier>
        <spirit:language>VHDL</spirit:language>
        <spirit:modelName>UART_Controller</spirit:modelName>
        <spirit:fileSetRef>
          <spirit:localName>xilinx_anylanguagebehavioralsimulation_xilinx_com_ip_fifo_generator_13_2__ref_view_fileset</spirit:localName>
        </spirit:fileSetRef>
        <spirit:fileSetRef>
          <spirit:localName>xilinx_anylanguagebehavioralsimulation_xilinx_com_user_Clock_Divider_1_1__ref_view_fileset</spirit:localName>
        </spirit:fileSetRef>
        <spirit:fileSetRef>
          <spirit:localName>xilinx_anylanguagebehavioralsimulation_view_fileset</spirit:localName>
        </spirit:fileSetRef>
        <spirit:parameters>
          <spirit:parameter>
            <spirit:name>viewChecksum</spirit:name>
            <spirit:value>5028b765</spirit:value>
          </spirit:parameter>
        </spirit:parameters>
      </spirit:view>
      <spirit:view>
        <spirit:name>xilinx_testbench</spirit:name>
        <spirit:displayName>Test Bench</spirit:displayName>
        <spirit:envIdentifier>:vivado.xilinx.com:simulation.testbench</spirit:envIdentifier>
        <spirit:modelName>UART_Tester</spirit:modelName>
        <spirit:fileSetRef>
          <spirit:localName>xilinx_testbench_view_fileset</spirit:localName>
        </spirit:fileSetRef>
        <spirit:parameters>
          <spirit:parameter>
            <spirit:name>viewChecksum</spirit:name>
            <spirit:value>caf7b720</spirit:value>
          </spirit:parameter>
        </spirit:parameters>
      </spirit:view>
      <spirit:view>
        <spirit:name>xilinx_xpgui</spirit:name>
        <spirit:displayName>UI Layout</spirit:displayName>
        <spirit:envIdentifier>:vivado.xilinx.com:xgui.ui</spirit:envIdentifier>
        <spirit:fileSetRef>
          <spirit:localName>xilinx_xpgui_view_fileset</spirit:localName>
        </spirit:fileSetRef>
        <spirit:parameters>
          <spirit:parameter>
            <spirit:name>viewChecksum</spirit:name>
            <spirit:value>4cbc99e0</spirit:value>
          </spirit:parameter>
        </spirit:parameters>
      </spirit:view>
    </spirit:views>
    <spirit:ports>
      <spirit:port>
        <spirit:name>clk</spirit:name>
        <spirit:wire>
          <spirit:direction>in</spirit:direction>
          <spirit:wireTypeDefs>
            <spirit:wireTypeDef>
              <spirit:typeName>STD_LOGIC</spirit:typeName>
              <spirit:viewNameRef>xilinx_anylanguagesynthesis</spirit:viewNameRef>
              <spirit:viewNameRef>xilinx_anylanguagebehavioralsimulation</spirit:viewNameRef>
            </spirit:wireTypeDef>
          </spirit:wireTypeDefs>
        </spirit:wire>
      </spirit:port>
      <spirit:port>
        <spirit:name>rst</spirit:name>
        <spirit:wire>
          <spirit:direction>in</spirit:direction>
          <spirit:wireTypeDefs>
            <spirit:wireTypeDef>
              <spirit:typeName>STD_LOGIC</spirit:typeName>
              <spirit:viewNameRef>xilinx_anylanguagesynthesis</spirit:viewNameRef>
              <spirit:viewNameRef>xilinx_anylanguagebehavioralsimulation</spirit:viewNameRef>
            </spirit:wireTypeDef>
          </spirit:wireTypeDefs>
        </spirit:wire>
      </spirit:port>
      <spirit:port>
        <spirit:name>r_state_d</spirit:name>
        <spirit:wire>
          <spirit:direction>out</spirit:direction>
          <spirit:vector>
            <spirit:left spirit:format="long">3</spirit:left>
            <spirit:right spirit:format="long">0</spirit:right>
          </spirit:vector>
          <spirit:wireTypeDefs>
            <spirit:wireTypeDef>
              <spirit:typeName>STD_LOGIC_VECTOR</spirit:typeName>
              <spirit:viewNameRef>xilinx_anylanguagesynthesis</spirit:viewNameRef>
              <spirit:viewNameRef>xilinx_anylanguagebehavioralsimulation</spirit:viewNameRef>
            </spirit:wireTypeDef>
          </spirit:wireTypeDefs>
        </spirit:wire>
      </spirit:port>
      <spirit:port>
        <spirit:name>data_in</spirit:name>
        <spirit:wire>
          <spirit:direction>in</spirit:direction>
          <spirit:wireTypeDefs>
            <spirit:wireTypeDef>
              <spirit:typeName>STD_LOGIC</spirit:typeName>
              <spirit:viewNameRef>xilinx_anylanguagesynthesis</spirit:viewNameRef>
              <spirit:viewNameRef>xilinx_anylanguagebehavioralsimulation</spirit:viewNameRef>
            </spirit:wireTypeDef>
          </spirit:wireTypeDefs>
        </spirit:wire>
      </spirit:port>
      <spirit:port>
        <spirit:name>rx_data</spirit:name>
        <spirit:wire>
          <spirit:direction>out</spirit:direction>
          <spirit:vector>
            <spirit:left spirit:format="long">7</spirit:left>
            <spirit:right spirit:format="long">0</spirit:right>
          </spirit:vector>
          <spirit:wireTypeDefs>
            <spirit:wireTypeDef>
              <spirit:typeName>STD_LOGIC_VECTOR</spirit:typeName>
              <spirit:viewNameRef>xilinx_anylanguagesynthesis</spirit:viewNameRef>
              <spirit:viewNameRef>xilinx_anylanguagebehavioralsimulation</spirit:viewNameRef>
            </spirit:wireTypeDef>
          </spirit:wireTypeDefs>
        </spirit:wire>
      </spirit:port>
    </spirit:ports>
    <spirit:modelParameters>
      <spirit:modelParameter xsi:type="spirit:nameValueTypeType" spirit:dataType="integer">
        <spirit:name>data_bits</spirit:name>
        <spirit:displayName>Data Bits</spirit:displayName>
        <spirit:value spirit:format="long" spirit:resolve="generated" spirit:id="MODELPARAM_VALUE.data_bits">8</spirit:value>
      </spirit:modelParameter>
    </spirit:modelParameters>
  </spirit:model>
  <spirit:fileSets>
    <spirit:fileSet>
      <spirit:name>xilinx_anylanguagesynthesis_view_fileset</spirit:name>
      <spirit:file>
        <spirit:name>constrs_1/new/consfile.xdc</spirit:name>
        <spirit:userFileType>xdc</spirit:userFileType>
      </spirit:file>
      <spirit:file>
        <spirit:name>sources_1/ip/rx_fifo/rx_fifo.xci</spirit:name>
        <spirit:userFileType>xci</spirit:userFileType>
      </spirit:file>
      <spirit:file>
        <spirit:name>sources_1/ip/Sample_Clock/Sample_Clock.xci</spirit:name>
        <spirit:userFileType>xci</spirit:userFileType>
      </spirit:file>
      <spirit:file>
        <spirit:name>sources_1/ip/Baud_Clock/Baud_Clock.xci</spirit:name>
        <spirit:userFileType>xci</spirit:userFileType>
      </spirit:file>
      <spirit:file>
        <spirit:name>sources_1/new/UART_Receiver.vhd</spirit:name>
        <spirit:fileType>vhdlSource</spirit:fileType>
      </spirit:file>
      <spirit:file>
        <spirit:name>sources_1/new/UART_Controller.vhd</spirit:name>
        <spirit:fileType>vhdlSource</spirit:fileType>
        <spirit:userFileType>CHECKSUM_30e10ea0</spirit:userFileType>
      </spirit:file>
    </spirit:fileSet>
    <spirit:fileSet>
      <spirit:name>xilinx_anylanguagesynthesis_xilinx_com_ip_fifo_generator_13_2__ref_view_fileset</spirit:name>
      <spirit:vendorExtensions>
        <xilinx:subCoreRef>
          <xilinx:componentRef xilinx:vendor="xilinx.com" xilinx:library="ip" xilinx:name="fifo_generator" xilinx:version="13.2">
            <xilinx:mode xilinx:name="create_mode"/>
          </xilinx:componentRef>
        </xilinx:subCoreRef>
      </spirit:vendorExtensions>
    </spirit:fileSet>
    <spirit:fileSet>
      <spirit:name>xilinx_anylanguagesynthesis_xilinx_com_user_Clock_Divider_1_1__ref_view_fileset</spirit:name>
      <spirit:vendorExtensions>
        <xilinx:subCoreRef>
          <xilinx:componentRef xilinx:vendor="xilinx.com" xilinx:library="user" xilinx:name="Clock_Divider" xilinx:version="1.1">
            <xilinx:mode xilinx:name="create_mode"/>
          </xilinx:componentRef>
        </xilinx:subCoreRef>
      </spirit:vendorExtensions>
    </spirit:fileSet>
    <spirit:fileSet>
      <spirit:name>xilinx_anylanguagebehavioralsimulation_view_fileset</spirit:name>
      <spirit:file>
        <spirit:name>sources_1/ip/rx_fifo/rx_fifo.xci</spirit:name>
        <spirit:userFileType>xci</spirit:userFileType>
      </spirit:file>
      <spirit:file>
        <spirit:name>sources_1/ip/Sample_Clock/Sample_Clock.xci</spirit:name>
        <spirit:userFileType>xci</spirit:userFileType>
      </spirit:file>
      <spirit:file>
        <spirit:name>sources_1/ip/Baud_Clock/Baud_Clock.xci</spirit:name>
        <spirit:userFileType>xci</spirit:userFileType>
      </spirit:file>
      <spirit:file>
        <spirit:name>sources_1/new/UART_Receiver.vhd</spirit:name>
        <spirit:fileType>vhdlSource</spirit:fileType>
      </spirit:file>
      <spirit:file>
        <spirit:name>sources_1/new/UART_Controller.vhd</spirit:name>
        <spirit:fileType>vhdlSource</spirit:fileType>
      </spirit:file>
    </spirit:fileSet>
    <spirit:fileSet>
      <spirit:name>xilinx_anylanguagebehavioralsimulation_xilinx_com_ip_fifo_generator_13_2__ref_view_fileset</spirit:name>
      <spirit:vendorExtensions>
        <xilinx:subCoreRef>
          <xilinx:componentRef xilinx:vendor="xilinx.com" xilinx:library="ip" xilinx:name="fifo_generator" xilinx:version="13.2">
            <xilinx:mode xilinx:name="create_mode"/>
          </xilinx:componentRef>
        </xilinx:subCoreRef>
      </spirit:vendorExtensions>
    </spirit:fileSet>
    <spirit:fileSet>
      <spirit:name>xilinx_anylanguagebehavioralsimulation_xilinx_com_user_Clock_Divider_1_1__ref_view_fileset</spirit:name>
      <spirit:vendorExtensions>
        <xilinx:subCoreRef>
          <xilinx:componentRef xilinx:vendor="xilinx.com" xilinx:library="user" xilinx:name="Clock_Divider" xilinx:version="1.1">
            <xilinx:mode xilinx:name="create_mode"/>
          </xilinx:componentRef>
        </xilinx:subCoreRef>
      </spirit:vendorExtensions>
    </spirit:fileSet>
    <spirit:fileSet>
      <spirit:name>xilinx_testbench_view_fileset</spirit:name>
      <spirit:file>
        <spirit:name>sim_1/new/UART_Tester.vhd</spirit:name>
        <spirit:fileType>vhdlSource</spirit:fileType>
        <spirit:userFileType>USED_IN_simulation</spirit:userFileType>
        <spirit:userFileType>USED_IN_synthesis</spirit:userFileType>
      </spirit:file>
    </spirit:fileSet>
    <spirit:fileSet>
      <spirit:name>xilinx_xpgui_view_fileset</spirit:name>
      <spirit:file>
        <spirit:name>xgui/UART_Controller_v1_0.tcl</spirit:name>
        <spirit:fileType>tclSource</spirit:fileType>
        <spirit:userFileType>CHECKSUM_4cbc99e0</spirit:userFileType>
        <spirit:userFileType>XGUI_VERSION_2</spirit:userFileType>
      </spirit:file>
    </spirit:fileSet>
  </spirit:fileSets>
  <spirit:description>UART_Controller_v1_0</spirit:description>
  <spirit:parameters>
    <spirit:parameter>
      <spirit:name>data_bits</spirit:name>
      <spirit:displayName>Data Bits</spirit:displayName>
      <spirit:value spirit:format="long" spirit:resolve="user" spirit:id="PARAM_VALUE.data_bits">8</spirit:value>
    </spirit:parameter>
    <spirit:parameter>
      <spirit:name>Component_Name</spirit:name>
      <spirit:value spirit:resolve="user" spirit:id="PARAM_VALUE.Component_Name" spirit:order="1">UART_Controller_v1_0</spirit:value>
    </spirit:parameter>
  </spirit:parameters>
  <spirit:vendorExtensions>
    <xilinx:coreExtensions>
      <xilinx:supportedFamilies>
        <xilinx:family xilinx:lifeCycle="Production">artix7</xilinx:family>
      </xilinx:supportedFamilies>
      <xilinx:taxonomies>
        <xilinx:taxonomy>/UserIP</xilinx:taxonomy>
      </xilinx:taxonomies>
      <xilinx:displayName>UART_Controller_v1_0</xilinx:displayName>
      <xilinx:definitionSource>package_project</xilinx:definitionSource>
      <xilinx:xpmLibraries>
        <xilinx:xpmLibrary>XPM_CDC</xilinx:xpmLibrary>
        <xilinx:xpmLibrary>XPM_MEMORY</xilinx:xpmLibrary>
      </xilinx:xpmLibraries>
      <xilinx:coreRevision>4</xilinx:coreRevision>
      <xilinx:coreCreationDateTime>2020-03-04T02:12:35Z</xilinx:coreCreationDateTime>
      <xilinx:tags>
        <xilinx:tag xilinx:name="ui.data.coregen.dd@2fbdd997_ARCHIVE_LOCATION">c:/users/peter/desktop/vivadoprojects/uart_ip/sourcefiles</xilinx:tag>
        <xilinx:tag xilinx:name="ui.data.coregen.dd@230fe1e0_ARCHIVE_LOCATION">c:/users/peter/desktop/vivadoprojects/uart_ip/sourcefiles</xilinx:tag>
        <xilinx:tag xilinx:name="ui.data.coregen.dd@3fa88dbc_ARCHIVE_LOCATION">c:/users/peter/desktop/vivadoprojects/uart_ip/sourcefiles</xilinx:tag>
        <xilinx:tag xilinx:name="ui.data.coregen.dd@26f5a6fc_ARCHIVE_LOCATION">c:/users/peter/desktop/vivadoprojects/uart_ip/sourcefiles</xilinx:tag>
        <xilinx:tag xilinx:name="ui.data.coregen.dd@4b136db7_ARCHIVE_LOCATION">c:/users/peter/desktop/vivadoprojects/uart_ip/sourcefiles</xilinx:tag>
        <xilinx:tag xilinx:name="ui.data.coregen.dd@4527b4aa_ARCHIVE_LOCATION">c:/users/peter/desktop/vivadoprojects/uart_ip/sourcefiles</xilinx:tag>
        <xilinx:tag xilinx:name="ui.data.coregen.dd@1b6cea8f_ARCHIVE_LOCATION">c:/users/peter/desktop/vivadoprojects/uart_ip/sourcefiles</xilinx:tag>
        <xilinx:tag xilinx:name="ui.data.coregen.dd@77482e52_ARCHIVE_LOCATION">c:/users/peter/desktop/vivadoprojects/uart_ip/sourcefiles</xilinx:tag>
        <xilinx:tag xilinx:name="ui.data.coregen.dd@1b4a8177_ARCHIVE_LOCATION">c:/users/peter/desktop/vivadoprojects/uart_ip/sourcefiles</xilinx:tag>
        <xilinx:tag xilinx:name="ui.data.coregen.dd@7646682f_ARCHIVE_LOCATION">c:/users/peter/desktop/vivadoprojects/uart_ip/sourcefiles</xilinx:tag>
        <xilinx:tag xilinx:name="ui.data.coregen.dd@2ef076a0_ARCHIVE_LOCATION">c:/users/peter/desktop/vivadoprojects/uart_ip/sourcefiles</xilinx:tag>
        <xilinx:tag xilinx:name="ui.data.coregen.dd@7673bded_ARCHIVE_LOCATION">c:/users/peter/desktop/vivadoprojects/uart_ip/sourcefiles</xilinx:tag>
        <xilinx:tag xilinx:name="ui.data.coregen.dd@72da22e_ARCHIVE_LOCATION">c:/users/peter/desktop/vivadoprojects/uart_ip/sourcefiles</xilinx:tag>
        <xilinx:tag xilinx:name="ui.data.coregen.dd@302e6e95_ARCHIVE_LOCATION">c:/users/peter/desktop/vivadoprojects/uart_ip/sourcefiles</xilinx:tag>
        <xilinx:tag xilinx:name="ui.data.coregen.dd@32926606_ARCHIVE_LOCATION">c:/users/peter/desktop/vivadoprojects/uart_ip/sourcefiles</xilinx:tag>
        <xilinx:tag xilinx:name="ui.data.coregen.dd@262d8a71_ARCHIVE_LOCATION">c:/users/peter/desktop/vivadoprojects/uart_ip/sourcefiles</xilinx:tag>
        <xilinx:tag xilinx:name="ui.data.coregen.dd@2968cebc_ARCHIVE_LOCATION">c:/users/peter/desktop/vivadoprojects/uart_ip/sourcefiles</xilinx:tag>
        <xilinx:tag xilinx:name="ui.data.coregen.dd@2a0fb547_ARCHIVE_LOCATION">c:/users/peter/desktop/vivadoprojects/uart_ip/sourcefiles</xilinx:tag>
        <xilinx:tag xilinx:name="ui.data.coregen.dd@1d68fc4c_ARCHIVE_LOCATION">c:/users/peter/desktop/vivadoprojects/uart_ip/sourcefiles</xilinx:tag>
        <xilinx:tag xilinx:name="ui.data.coregen.dd@2eea01e6_ARCHIVE_LOCATION">c:/users/peter/desktop/vivadoprojects/uart_ip/sourcefiles</xilinx:tag>
        <xilinx:tag xilinx:name="ui.data.coregen.dd@4aa60644_ARCHIVE_LOCATION">c:/users/peter/desktop/vivadoprojects/uart_ip/sourcefiles</xilinx:tag>
        <xilinx:tag xilinx:name="ui.data.coregen.dd@7444bec0_ARCHIVE_LOCATION">c:/users/peter/desktop/vivadoprojects/uart_ip/sourcefiles</xilinx:tag>
        <xilinx:tag xilinx:name="ui.data.coregen.dd@7fb3eea1_ARCHIVE_LOCATION">c:/users/peter/desktop/vivadoprojects/uart_ip/sourcefiles</xilinx:tag>
        <xilinx:tag xilinx:name="ui.data.coregen.dd@1990c905_ARCHIVE_LOCATION">c:/users/peter/desktop/vivadoprojects/uart_ip/sourcefiles</xilinx:tag>
        <xilinx:tag xilinx:name="ui.data.coregen.dd@8cf2a1e_ARCHIVE_LOCATION">c:/users/peter/desktop/vivadoprojects/uart_ip/sourcefiles</xilinx:tag>
        <xilinx:tag xilinx:name="ui.data.coregen.dd@221d0293_ARCHIVE_LOCATION">c:/users/peter/desktop/vivadoprojects/uart_ip/sourcefiles</xilinx:tag>
        <xilinx:tag xilinx:name="ui.data.coregen.dd@783dc463_ARCHIVE_LOCATION">c:/users/peter/desktop/vivadoprojects/uart_ip/sourcefiles</xilinx:tag>
        <xilinx:tag xilinx:name="ui.data.coregen.dd@51f8ef18_ARCHIVE_LOCATION">c:/users/peter/desktop/vivadoprojects/uart_ip/sourcefiles</xilinx:tag>
        <xilinx:tag xilinx:name="ui.data.coregen.dd@5c8932f8_ARCHIVE_LOCATION">c:/users/peter/desktop/vivadoprojects/uart_ip/sourcefiles</xilinx:tag>
        <xilinx:tag xilinx:name="ui.data.coregen.dd@433a80b5_ARCHIVE_LOCATION">c:/users/peter/desktop/vivadoprojects/uart_ip/sourcefiles</xilinx:tag>
        <xilinx:tag xilinx:name="ui.data.coregen.dd@ba98772_ARCHIVE_LOCATION">c:/users/peter/desktop/vivadoprojects/uart_ip/sourcefiles</xilinx:tag>
        <xilinx:tag xilinx:name="ui.data.coregen.dd@79fe911f_ARCHIVE_LOCATION">c:/users/peter/desktop/vivadoprojects/uart_ip/sourcefiles</xilinx:tag>
        <xilinx:tag xilinx:name="ui.data.coregen.dd@64ca638a_ARCHIVE_LOCATION">c:/users/peter/desktop/vivadoprojects/uart_ip/sourcefiles</xilinx:tag>
        <xilinx:tag xilinx:name="ui.data.coregen.dd@c7547cd_ARCHIVE_LOCATION">c:/users/peter/desktop/vivadoprojects/uart_ip/sourcefiles</xilinx:tag>
        <xilinx:tag xilinx:name="ui.data.coregen.dd@3f57fc54_ARCHIVE_LOCATION">c:/users/peter/desktop/vivadoprojects/uart_ip/sourcefiles</xilinx:tag>
        <xilinx:tag xilinx:name="ui.data.coregen.dd@2dfc2187_ARCHIVE_LOCATION">c:/users/peter/desktop/vivadoprojects/uart_ip/sourcefiles</xilinx:tag>
      </xilinx:tags>
    </xilinx:coreExtensions>
    <xilinx:packagingInfo>
      <xilinx:xilinxVersion>2019.2</xilinx:xilinxVersion>
      <xilinx:checksum xilinx:scope="busInterfaces" xilinx:value="25031715"/>
      <xilinx:checksum xilinx:scope="fileGroups" xilinx:value="d0288cd2"/>
      <xilinx:checksum xilinx:scope="ports" xilinx:value="b0935a2b"/>
      <xilinx:checksum xilinx:scope="hdlParameters" xilinx:value="90f63194"/>
      <xilinx:checksum xilinx:scope="parameters" xilinx:value="58f1e4c1"/>
    </xilinx:packagingInfo>
  </spirit:vendorExtensions>
</spirit:component>
